-- phpMyAdmin SQL Dump
-- version 5.2.1
-- https://www.phpmyadmin.net/
--
-- Host: 127.0.0.1
-- Generation Time: May 26, 2024 at 10:56 PM
-- Server version: 10.4.32-MariaDB
-- PHP Version: 8.2.12

SET SQL_MODE = "NO_AUTO_VALUE_ON_ZERO";
START TRANSACTION;
SET time_zone = "+00:00";


/*!40101 SET @OLD_CHARACTER_SET_CLIENT=@@CHARACTER_SET_CLIENT */;
/*!40101 SET @OLD_CHARACTER_SET_RESULTS=@@CHARACTER_SET_RESULTS */;
/*!40101 SET @OLD_COLLATION_CONNECTION=@@COLLATION_CONNECTION */;
/*!40101 SET NAMES utf8mb4 */;

--
-- Database: `mystore`
--

-- --------------------------------------------------------

--
-- Table structure for table `brands`
--

CREATE TABLE `brands` (
  `brand_id` int(11) NOT NULL,
  `brand_title` varchar(100) NOT NULL
) ENGINE=InnoDB DEFAULT CHARSET=utf8mb4 COLLATE=utf8mb4_general_ci;

--
-- Dumping data for table `brands`
--

INSERT INTO `brands` (`brand_id`, `brand_title`) VALUES
(1, 'Amazon'),
(2, 'Swiggy Mart'),
(3, 'Flipkart'),
(4, 'Meesho'),
(5, 'Shopsy');

-- --------------------------------------------------------

--
-- Table structure for table `cart_details`
--

CREATE TABLE `cart_details` (
  `product_id` int(11) NOT NULL,
  `ip_address` varchar(255) NOT NULL,
  `quantity` int(100) NOT NULL
) ENGINE=InnoDB DEFAULT CHARSET=utf8mb4 COLLATE=utf8mb4_general_ci;

-- --------------------------------------------------------

--
-- Table structure for table `categories`
--

CREATE TABLE `categories` (
  `category_id` int(11) NOT NULL,
  `category_title` varchar(100) NOT NULL
) ENGINE=InnoDB DEFAULT CHARSET=utf8mb4 COLLATE=utf8mb4_general_ci;

--
-- Dumping data for table `categories`
--

INSERT INTO `categories` (`category_id`, `category_title`) VALUES
(1, 'Soft Toys'),
(2, 'Fruits'),
(3, 'Vegetables'),
(4, 'Dress'),
(5, 'Shoes');

-- --------------------------------------------------------

--
-- Table structure for table `orders_pending`
--

CREATE TABLE `orders_pending` (
  `order_id` int(11) NOT NULL,
  `user_id` int(11) NOT NULL,
  `invoice_number` int(255) NOT NULL,
  `product_id` int(11) NOT NULL,
  `quantity` int(255) NOT NULL,
  `order_status` varchar(255) NOT NULL
) ENGINE=InnoDB DEFAULT CHARSET=utf8mb4 COLLATE=utf8mb4_general_ci;

-- --------------------------------------------------------

--
-- Table structure for table `products`
--

CREATE TABLE `products` (
  `product_id` int(11) NOT NULL,
  `product_title` varchar(255) NOT NULL,
  `product_description` varchar(255) NOT NULL,
  `product_keywords` varchar(255) NOT NULL,
  `category_id` int(11) NOT NULL,
  `brand_id` int(11) NOT NULL,
  `product_image1` varchar(255) NOT NULL,
  `product_image2` varchar(255) NOT NULL,
  `product_image3` varchar(255) NOT NULL,
  `product_price` varchar(100) NOT NULL,
  `date` timestamp NOT NULL DEFAULT current_timestamp() ON UPDATE current_timestamp(),
  `status` varchar(100) NOT NULL
) ENGINE=InnoDB DEFAULT CHARSET=utf8mb4 COLLATE=utf8mb4_general_ci;

--
-- Dumping data for table `products`
--

INSERT INTO `products` (`product_id`, `product_title`, `product_description`, `product_keywords`, `category_id`, `brand_id`, `product_image1`, `product_image2`, `product_image3`, `product_price`, `date`, `status`) VALUES
(1, 'Teddy Bear', 'Snuggle Up with Soft Cuddles', 'cuddly,plush,comfort,adorable,soft,teddy bear', 1, 1, 'teddy1.png', 'teddy2.png', 'teddy3.png', '700', '2024-05-26 11:04:51', 'true'),
(2, 'Fruity Apple', 'Fresh, Crisp, Naturally Delicious Apples', 'Fresh, juicy, crisp, sweet, healthy,apple', 2, 2, 'apple1.png', 'apple2.png', 'apple3.png', '600', '2024-05-26 11:14:51', 'true'),
(3, 'Fruity Mango', 'Tropical Sweetness in Every Bite', 'Fresh, juicy, crisp, sweet, healthy,mango,yellow mango', 2, 3, 'mango1.png', 'mango2.png', 'mango3.png', '500', '2024-05-26 11:17:07', 'true'),
(4, 'Pumpkin', 'Harvest Freshness in Every Bite', 'Nutritious, hearty, autumn, versatile, savory', 3, 2, 'pumpkin1.png', 'pumpkin2.png', 'pumpkin3.png', '45', '2024-05-26 11:18:23', 'true'),
(5, 'Frocks', 'Elegant Styles for Every Occasion', 'dress,frock,skirt,jeans,cotton', 4, 4, 'frock1.png', 'frock2.png', 'frock3.png', '800', '2024-05-26 11:20:02', 'true'),
(6, 'Shoes', 'Step into Comfort and Style Today', 'Comfortable, stylish, durable, versatile, fashionable,shoes', 5, 5, 'shoes1.png', 'shoes2.png', 'shoes3.png', '400', '2024-05-26 11:21:51', 'true');

-- --------------------------------------------------------

--
-- Table structure for table `user_orders`
--

CREATE TABLE `user_orders` (
  `order_id` int(11) NOT NULL,
  `user_id` int(11) NOT NULL,
  `amount_due` int(255) NOT NULL,
  `invoice_number` int(255) NOT NULL,
  `total_products` int(255) NOT NULL,
  `order_date` timestamp NOT NULL DEFAULT current_timestamp() ON UPDATE current_timestamp(),
  `order_status` varchar(255) NOT NULL
) ENGINE=InnoDB DEFAULT CHARSET=utf8mb4 COLLATE=utf8mb4_general_ci;

-- --------------------------------------------------------

--
-- Table structure for table `user_payments`
--

CREATE TABLE `user_payments` (
  `payment_id` int(11) NOT NULL,
  `order_id` int(11) NOT NULL,
  `invoice_number` int(11) NOT NULL,
  `amount` int(11) NOT NULL,
  `payment_mode` varchar(255) NOT NULL,
  `date` timestamp NOT NULL DEFAULT current_timestamp() ON UPDATE current_timestamp()
) ENGINE=InnoDB DEFAULT CHARSET=utf8mb4 COLLATE=utf8mb4_general_ci;

-- --------------------------------------------------------

--
-- Table structure for table `user_table`
--

CREATE TABLE `user_table` (
  `user_id` int(11) NOT NULL,
  `username` varchar(255) NOT NULL,
  `user_email` varchar(255) NOT NULL,
  `user_password` varchar(255) NOT NULL,
  `user_image` varchar(255) NOT NULL,
  `user_ip` varchar(255) NOT NULL,
  `user_address` varchar(255) NOT NULL,
  `user_mobile` varchar(255) NOT NULL
) ENGINE=InnoDB DEFAULT CHARSET=utf8mb4 COLLATE=utf8mb4_general_ci;

--
-- Indexes for dumped tables
--

--
-- Indexes for table `brands`
--
ALTER TABLE `brands`
  ADD PRIMARY KEY (`brand_id`);

--
-- Indexes for table `cart_details`
--
ALTER TABLE `cart_details`
  ADD PRIMARY KEY (`product_id`);

--
-- Indexes for table `categories`
--
ALTER TABLE `categories`
  ADD PRIMARY KEY (`category_id`);

--
-- Indexes for table `orders_pending`
--
ALTER TABLE `orders_pending`
  ADD PRIMARY KEY (`order_id`);

--
-- Indexes for table `products`
--
ALTER TABLE `products`
  ADD PRIMARY KEY (`product_id`);

--
-- Indexes for table `user_orders`
--
ALTER TABLE `user_orders`
  ADD PRIMARY KEY (`order_id`);

--
-- Indexes for table `user_payments`
--
ALTER TABLE `user_payments`
  ADD PRIMARY KEY (`payment_id`);

--
-- Indexes for table `user_table`
--
ALTER TABLE `user_table`
  ADD PRIMARY KEY (`user_id`);

--
-- AUTO_INCREMENT for dumped tables
--

--
-- AUTO_INCREMENT for table `brands`
--
ALTER TABLE `brands`
  MODIFY `brand_id` int(11) NOT NULL AUTO_INCREMENT, AUTO_INCREMENT=6;

--
-- AUTO_INCREMENT for table `categories`
--
ALTER TABLE `categories`
  MODIFY `category_id` int(11) NOT NULL AUTO_INCREMENT, AUTO_INCREMENT=6;

--
-- AUTO_INCREMENT for table `orders_pending`
--
ALTER TABLE `orders_pending`
  MODIFY `order_id` int(11) NOT NULL AUTO_INCREMENT;

--
-- AUTO_INCREMENT for table `products`
--
ALTER TABLE `products`
  MODIFY `product_id` int(11) NOT NULL AUTO_INCREMENT, AUTO_INCREMENT=7;

--
-- AUTO_INCREMENT for table `user_orders`
--
ALTER TABLE `user_orders`
  MODIFY `order_id` int(11) NOT NULL AUTO_INCREMENT;

--
-- AUTO_INCREMENT for table `user_payments`
--
ALTER TABLE `user_payments`
  MODIFY `payment_id` int(11) NOT NULL AUTO_INCREMENT;

--
-- AUTO_INCREMENT for table `user_table`
--
ALTER TABLE `user_table`
  MODIFY `user_id` int(11) NOT NULL AUTO_INCREMENT;
COMMIT;

/*!40101 SET CHARACTER_SET_CLIENT=@OLD_CHARACTER_SET_CLIENT */;
/*!40101 SET CHARACTER_SET_RESULTS=@OLD_CHARACTER_SET_RESULTS */;
/*!40101 SET COLLATION_CONNECTION=@OLD_COLLATION_CONNECTION */;
